
USE 박병규도서관;

DROP TABLE 고객박병규;
DROP TABLE 출판사박병규;
DROP TABLE 책박병규;
DROP TABLE 대여박병규;



DELETE FROM 고객박병규;
DELETE FROM 출판사박병규;
DELETE FROM 책박병규;
DELETE FROM 대여박병규;



INSERT INTO 출판사박병규 	VALUES ('방송대출판사', '종로구 대학로86');
INSERT INTO 출판사박병규	VALUES ('킹왕짱출판사', '경남 합천군');
INSERT INTO 출판사박병규	VALUES ('DB출판사', '개성 평양냉면집 옆');


INSERT INTO 고객박병규 VALUES ('201734-358188', '박병규', '서울시 종로구 대학로 86(동숭동)', 20170301, 20190228, 'A');
INSERT INTO 고객박병규 VALUES ('201211-123456', '김삼성', '대전시 그 어딘가', 20120301, 20190228, 'B');
INSERT INTO 고객박병규 VALUES ('200931-987651', '박엘지', '기장읍 구석 어딘가', 20090301, 20190228, 'E');

INSERT INTO 대여박병규  VALUES ('201734-358188', 20170801, 20170810, Null);
INSERT INTO 대여박병규  VALUES ('201734-358188', 20170803, 20170810, Null);
INSERT INTO 대여박병규  VALUES ('200931-987651', 20170901, 20170910, Null);


INSERT INTO 책박병규  (책ID,제목,저자,가격,대여가능여부,출판사박병규_이름) VALUES ('1234567890123', '데이터베이책박병규스입문', 'DB천재',30000, True, 'DB출판사');
INSERT INTO 책박병규  (책ID,제목,저자,가격,대여가능여부,출판사박병규_이름) VALUES ('2345678901234', '컴파일러', '컴파일러초보',15000, True, '방송대출판사');
INSERT INTO 책박병규  (책ID,제목,저자,가격,대여가능여부,출판사박병규_이름) VALUES ('3456789012345', '알고리즘', '알고리즘전문가',40000, True, '킹왕짱출판사');
INSERT INTO 책박병규  (책ID,제목,저자,가격,대여가능여부,출판사박병규_이름, 대여박병규_고객박병규_고객번호, 대여박병규_대여날짜) VALUES ('1234567890121', '데이터베이스입문', 'DB천재',30000, False, 'DB출판사', '201734-358188', 20170801);
INSERT INTO 책박병규  (책ID,제목,저자,가격,대여가능여부,출판사박병규_이름, 대여박병규_고객박병규_고객번호, 대여박병규_대여날짜) VALUES ('2345678901231', '컴파일러', '컴파일러초보',15000, False, '방송대출판사', '201734-358188', 20170801);
INSERT INTO 책박병규  (책ID,제목,저자,가격,대여가능여부,출판사박병규_이름, 대여박병규_고객박병규_고객번호, 대여박병규_대여날짜) VALUES ('3456789012341', '알고리즘', '알고리즘전문가',40000, False, '킹왕짱출판사', '201734-358188', 20170803);
INSERT INTO 책박병규  (책ID,제목,저자,가격,대여가능여부,출판사박병규_이름, 대여박병규_고객박병규_고객번호, 대여박병규_대여날짜) VALUES ('4567890123412', 'JSP프로그래밍', '자바멍청이',12500, False, 'DB출판사', '200931-987651', 20170901);



SELECT * FROM 고객박병규;
SELECT * FROM 출판사박병규;
SELECT * FROM 책박병규;
SELECT * FROM 대여박병규;


UPDATE 고객박병규 SET 주소='서울특별시 성동구 아차산로 12 (성수동1가)' WHERE 고객번호='201211-123456';
UPDATE 책박병규 SET 가격=9900 WHERE 책ID='2345678901234';

DELETE FROM 책박병규 WHERE 책ID='4567890123412';
DELETE FROM 고객박병규 WHERE 고객번호='201211-123456';
